species,inat_taxon_id,inat_name,inat_research_grade_obs,inat_total_photos,inat_photo_total_method,inat_sec_per_species,inat_error,gbif_key,gbif_human_obs,gbif_specimen_obs,gbif_photos,gbif_specimen_photos,combined_obs,combined_obs_specimens,combined_photos,combined_photos_specimens,family,species_binom,family_trait,genus,species_trait,hair_dimorphism,natal_coat,natal_coat_type,hair_dichromatism_any,hair_dichromatism_complete,hair_dichromatism_state,hair_dichromatism_type,ontogenetic_trajectory_color,type,key
Alouatta caraya,43435.0,Alouatta caraya,1816,2502,exact,17.06,,2436652.0,1230.0,49.0,2337.0,147.0,3046.0,3095.0,4839.0,4986.0,Atelidae,Alouatta caraya,cebidae,alouatta,caraya,0,1,con_to_dad,1,1,2,complete,male_maturation,focal,Alouatta caraya
Cercopithecus hamlyni,43475.0,Cercopithecus hamlyni,0,0,exact,0.1,,5219584.0,0.0,1.0,0.0,2.0,0.0,1.0,0.0,2.0,Cercopithecidae,Cercopithecus hamlyni,cercopithecidae,cercopithecus,hamlyni,0,1,con_to_both,1,0,1,partial,bidirectional_maturation,focal,Cercopithecus hamlyni
Chlorocebus aethiops,43523.0,Chlorocebus aethiops,229,296,exact,0.94,,2436566.0,204.0,112.0,315.0,208.0,433.0,545.0,611.0,819.0,Cercopithecidae,Chlorocebus aethiops,cercopithecidae,chlorocebus,aethiops,0,1,con_to_both,0,0,0,partial,mono_maturation,focal,Chlorocebus aethiops
Colobus angolensis,43525.0,Colobus angolensis,357,674,exact,5.99,,5963047.0,273.0,34.0,550.0,56.0,630.0,664.0,1224.0,1280.0,Cercopithecidae,Colobus angolensis,cercopithecidae,colobus,angolensis,0,1,con_to_both,1,0,1,partial,bidirectional_maturation,focal,Colobus angolensis
Colobus guereza,1075514.0,Colobus guereza,1472,1653,exact,12.35,,5963045.0,1215.0,141.0,1926.0,351.0,2687.0,2828.0,3579.0,3930.0,Cercopithecidae,Colobus guereza,cercopithecidae,colobus,guereza,0,1,con_to_both,1,0,1,partial,bidirectional_maturation,focal,Colobus guereza
Colobus polykomos,43526.0,Colobus polykomos,19,26,exact,0.74,,5963044.0,17.0,53.0,24.0,147.0,36.0,89.0,50.0,197.0,Cercopithecidae,Colobus polykomos,cercopithecidae,colobus,polykomos,0,1,con_to_both,0,0,0,,mono_maturation,focal,Colobus polykomos
Colobus vellerosus,74201.0,Colobus vellerosus,51,72,exact,1.13,,6075599.0,27.0,4.0,46.0,8.0,78.0,82.0,118.0,126.0,Cercopithecidae,Colobus vellerosus,cercopithecidae,colobus,vellerosus,0,1,con_to_both,0,0,0,,mono_maturation,focal,Colobus vellerosus
Erythrocebus patas,43462.0,Erythrocebus patas,976,1123,exact,14.89,,2436548.0,878.0,72.0,1207.0,163.0,1854.0,1926.0,2330.0,2493.0,Cercopithecidae,Erythrocebus patas,cercopithecidae,erythrocebus,patas,1,1,con_to_both,1,0,1,partial,bidirectional_maturation,focal,Erythrocebus patas
Eulemur flavifrons,100710.0,Eulemur flavifrons,10,20,exact,0.65,,7874997.0,6.0,1.0,9.0,1.0,16.0,17.0,29.0,30.0,Lemuridae,Eulemur flavifrons,lemuridae,eulemur,flavifrons,0,0,,1,1,2,complete,early_dimorphism,focal,Eulemur flavifrons
Eulemur macaco,43609.0,Eulemur macaco,236,351,exact,5.0,,2436420.0,172.0,20.0,321.0,40.0,408.0,428.0,672.0,712.0,Lemuridae,Eulemur macaco,lemuridae,eulemur,macaco,0,1,,1,1,2,complete,early_dimorphism,focal,Eulemur macaco
Eulemur mongoz,43611.0,Eulemur mongoz,38,65,exact,1.74,,2436418.0,24.0,23.0,42.0,76.0,62.0,85.0,107.0,183.0,Lemuridae,Eulemur mongoz,lemuridae,eulemur,mongoz,0,1,con_to_dad,1,0,1,partial,early_dimorphism,focal,Eulemur mongoz
Hoolock hoolock,74439.0,Hoolock hoolock,260,300,exact,2.38,,5786121.0,225.0,3.0,328.0,5.0,485.0,488.0,628.0,633.0,Hylobatidae,Hoolock hoolock,hylobatidae,hoolock,hoolock,0,1,con_to_dad,1,1,2,complete,male_maturation,focal,Hoolock hoolock
Hylobates muelleri,883484.0,Hylobates muelleri,3,4,exact,0.11,,5219548.0,3.0,18.0,4.0,64.0,6.0,24.0,8.0,72.0,Hylobatidae,Hylobates muelleri,hylobatidae,hylobates,muelleri,0,1,con_to_both,1,0,1,partial,bidirectional_maturation,focal,Hylobates muelleri
Hylobates pileatus,43596.0,Hylobates pileatus,88,174,exact,3.18,,5219544.0,55.0,13.0,108.0,37.0,143.0,156.0,282.0,319.0,Hylobatidae,Hylobates pileatus,hylobatidae,hylobates,pileatus,0,1,con_to_dad,1,1,2,complete,male_maturation,focal,Hylobates pileatus
Indri indri,43600.0,Indri indri,676,1186,exact,10.7,,2436432.0,430.0,15.0,1026.0,17.0,1106.0,1121.0,2212.0,2229.0,Indriidae,Indri indri,indridae,indri,indri,0,1,con_to_both,0,0,0,,mono_maturation,focal,Indri indri
Macaca arctoides,43445.0,Macaca arctoides,327,593,exact,5.61,,2436605.0,212.0,24.0,376.0,58.0,539.0,563.0,969.0,1027.0,Cercopithecidae,Macaca arctoides,cercopithecidae,macaca,arctoides,0,1,con_to_both,1,0,1,partial,bidirectional_maturation,focal,Macaca arctoides
Nomascus concolor,74778.0,Nomascus concolor,15,17,exact,0.61,,7262062.0,11.0,15.0,13.0,44.0,26.0,41.0,30.0,74.0,Hylobatidae,Nomascus concolor,hylobatidae,nomascus,concolor,0,1,con_to_dad,1,1,2,complete,male_maturation,focal,Nomascus concolor
Nomascus gabriellae,885131.0,Nomascus gabriellae,205,372,exact,4.24,,4267267.0,125.0,2.0,248.0,4.0,330.0,332.0,620.0,624.0,Hylobatidae,Nomascus gabriellae,hylobatidae,nomascus,gabriellae,0,1,con_to_dad,1,1,2,complete,male_maturation,focal,Nomascus gabriellae
Nomascus leucogenys,74781.0,Nomascus leucogenys,23,45,exact,0.78,,4267270.0,22.0,10.0,44.0,22.0,45.0,55.0,89.0,111.0,Hylobatidae,Nomascus leucogenys,hylobatidae,nomascus,leucogenys,0,1,con_to_dad,1,1,2,complete,male_maturation,focal,Nomascus leucogenys
Papio anubis,74832.0,Papio anubis,4922,8810,estimate,3.44,,5707341.0,3884.0,138.0,6506.0,367.0,8806.0,8944.0,15316.0,15683.0,Cercopithecidae,Papio anubis,cercopithecidae,papio,anubis,1,0,,0,0,0,,mono_stable,focal,Papio anubis
Papio hamadryas,43535.0,Papio hamadryas,202,382,exact,1.55,,5219586.0,135.0,69.0,241.0,151.0,337.0,406.0,623.0,774.0,Cercopithecidae,Papio hamadryas,cercopithecidae,papio,hamadryas,1,1,con_to_both,1,1,2,complete,bidirectional_maturation,focal,Papio hamadryas
Papio papio,74833.0,Papio papio,200,313,exact,4.29,,5707338.0,246.0,27.0,400.0,91.0,446.0,473.0,713.0,804.0,Cercopithecidae,Papio papio,cercopithecidae,papio,papio,1,0,,0,0,0,,mono_stable,focal,Papio papio
Papio ursinus,57556.0,Papio ursinus,7846,10592,estimate,4.33,,7262029.0,6312.0,67.0,10573.0,172.0,14158.0,14225.0,21165.0,21337.0,Cercopithecidae,Papio ursinus,cercopithecidae,papio,ursinus,1,0,,0,0,0,,mono_stable,focal,Papio ursinus
Pithecia pithecia,519427.0,Pithecia pithecia,55,94,exact,1.49,,2436373.0,60.0,42.0,116.0,104.0,115.0,157.0,210.0,314.0,Pitheciidae,Pithecia pithecia,cebidae,pithecia,pithecia,0,1,con_to_dad,1,1,2,complete,male_maturation,focal,Pithecia pithecia
Presbytis frontata,43503.0,Presbytis frontata,4,7,exact,0.76,,5219559.0,3.0,35.0,6.0,73.0,7.0,42.0,13.0,86.0,Cercopithecidae,Presbytis frontata,cercopithecidae,presbytis,frontata,0,1,con_to_both,0,0,0,,mono_maturation,focal,Presbytis frontata
Presbytis hosei,43500.0,Presbytis hosei,10,13,exact,0.06,,5219564.0,7.0,14.0,10.0,39.0,17.0,31.0,23.0,62.0,Cercopithecidae,Presbytis hosei,cercopithecidae,presbytis,hosei,0,1,con_to_both,1,0,1,partial,bidirectional_maturation,focal,Presbytis hosei
Presbytis melalophos,43504.0,Presbytis melalophos,105,195,exact,4.97,,5219561.0,90.0,31.0,167.0,82.0,195.0,226.0,362.0,444.0,Cercopithecidae,Presbytis melalophos,cercopithecidae,presbytis,melalophos,0,1,con_to_both,0,0,0,,mono_maturation,focal,Presbytis melalophos
Presbytis potenziani,43505.0,Presbytis potenziani,3,3,exact,0.1,,5219563.0,2.0,14.0,2.0,42.0,5.0,19.0,5.0,47.0,Cercopithecidae,Presbytis potenziani,cercopithecidae,presbytis,potenziani,0,1,con_to_both,0,0,0,,mono_maturation,focal,Presbytis potenziani
Presbytis rubicunda,43502.0,Presbytis rubicunda,581,795,exact,4.65,,5219560.0,421.0,76.0,968.0,264.0,1002.0,1078.0,1763.0,2027.0,Cercopithecidae,Presbytis rubicunda,cercopithecidae,presbytis,rubicunda,0,1,con_to_both,0,0,0,,mono_maturation,focal,Presbytis rubicunda
Presbytis thomasi,43501.0,Presbytis thomasi,296,407,exact,3.79,,5219558.0,224.0,15.0,452.0,46.0,520.0,535.0,859.0,905.0,Cercopithecidae,Presbytis thomasi,cercopithecidae,presbytis,thomasi,0,1,con_to_both,0,0,0,,mono_maturation,focal,Presbytis thomasi
Rhinopithecus roxellana,75028.0,Rhinopithecus roxellana,53,109,exact,1.73,,7262005.0,50.0,21.0,123.0,84.0,103.0,124.0,232.0,316.0,Cercopithecidae,Rhinopithecus roxellana,cercopithecidae,rhinopithecus,roxellana,0,1,con_to_both,0,0,0,,mono_maturation,focal,Rhinopithecus roxellana
Semnopithecus entellus,1071032.0,Semnopithecus entellus,1678,1876,exact,13.58,,2436564.0,1193.0,17.0,1807.0,43.0,2871.0,2888.0,3683.0,3726.0,Cercopithecidae,Semnopithecus entellus,cercopithecidae,semnopithecus,entellus,0,1,con_to_both,0,0,0,,mono_maturation,focal,Semnopithecus entellus
Semnopithecus johnii,963196.0,Semnopithecus johnii,431,660,exact,6.58,,5786340.0,332.0,3.0,540.0,6.0,763.0,766.0,1200.0,1206.0,Cercopithecidae,Semnopithecus johnii,cercopithecidae,trachypithecus,johnii,0,1,con_to_both,1,0,1,partial,bidirectional_maturation,focal,Semnopithecus johnii
Theropithecus gelada,43530.0,Theropithecus gelada,232,513,exact,7.22,,2436553.0,183.0,32.0,500.0,55.0,415.0,447.0,1013.0,1068.0,Cercopithecidae,Theropithecus gelada,cercopithecidae,theropithecus,gelada,1,0,,0,0,0,,mono_stable,focal,Theropithecus gelada
Trachypithecus auratus,43498.0,Trachypithecus auratus,463,692,exact,7.0,,9204783.0,280.0,39.0,461.0,79.0,743.0,782.0,1153.0,1232.0,Cercopithecidae,Trachypithecus auratus,cercopithecidae,trachypithecus,auratus,0,1,con_to_both,1,0,1,partial,bidirectional_maturation,focal,Trachypithecus auratus
Trachypithecus cristatus,43497.0,Trachypithecus cristatus,960,1386,exact,6.14,,2436542.0,683.0,111.0,1284.0,628.0,1643.0,1754.0,2670.0,3298.0,Cercopithecidae,Trachypithecus cristatus,cercopithecidae,trachypithecus,cristatus,0,1,con_to_both,1,0,1,partial,bidirectional_maturation,focal,Trachypithecus cristatus
Trachypithecus francoisi,43496.0,Trachypithecus francoisi,20,37,exact,0.82,,2436539.0,14.0,3.0,26.0,17.0,34.0,37.0,63.0,80.0,Cercopithecidae,Trachypithecus francoisi,cercopithecidae,trachypithecus,francoisi,0,1,con_to_both,1,0,1,partial,bidirectional_maturation,focal,Trachypithecus francoisi
Trachypithecus geei,43495.0,Trachypithecus geei,155,274,exact,3.49,,2436536.0,134.0,0.0,216.0,0.0,289.0,289.0,490.0,490.0,Cercopithecidae,Trachypithecus geei,cercopithecidae,trachypithecus,geei,0,1,con_to_both,1,0,1,partial,bidirectional_maturation,focal,Trachypithecus geei
Trachypithecus obscurus,43494.0,Trachypithecus obscurus,3036,3972,exact,16.36,,2436535.0,1977.0,40.0,3667.0,112.0,5013.0,5053.0,7639.0,7751.0,Cercopithecidae,Trachypithecus obscurus,cercopithecidae,trachypithecus,obscurus,0,1,con_to_both,1,0,1,partial,bidirectional_maturation,focal,Trachypithecus obscurus
Trachypithecus phayrei,43490.0,Trachypithecus phayrei,100,263,exact,2.63,,2436540.0,88.0,3.0,230.0,17.0,188.0,191.0,493.0,510.0,Cercopithecidae,Trachypithecus phayrei,cercopithecidae,trachypithecus,phayrei,0,1,con_to_both,1,0,1,partial,bidirectional_maturation,focal,Trachypithecus phayrei
Trachypithecus pileatus,43493.0,Trachypithecus pileatus,390,591,exact,4.42,,2436538.0,318.0,2.0,512.0,4.0,708.0,710.0,1103.0,1107.0,Cercopithecidae,Trachypithecus pileatus,cercopithecidae,trachypithecus,pileatus,0,1,con_to_both,1,0,1,partial,bidirectional_maturation,focal,Trachypithecus pileatus
Allenopithecus nigroviridis,43464.0,Allenopithecus nigroviridis,6,6,exact,0.41,,2436620.0,7.0,4.0,7.0,8.0,13.0,17.0,13.0,21.0,Cercopithecidae,Allenopithecus nigroviridis,cercopithecidae,allenopithecus,nigroviridis,0,0,,0,0,0,,mono_stable,additional,Allenopithecus nigroviridis
Allocebus trichotis,43553.0,Allocebus trichotis,5,13,exact,0.41,,2436445.0,5.0,0.0,13.0,0.0,10.0,10.0,26.0,26.0,Cheirogaleidae,Allocebus trichotis,cheirogaleidae,allocebus,trichotis,0,0,,0,0,0,,mono_stable,additional,Allocebus trichotis
Allochrocebus preussi,566542.0,Allochrocebus preussi,3,8,exact,4.48,,8238140.0,1.0,9.0,3.0,9.0,4.0,13.0,11.0,20.0,Cercopithecidae,Allochrocebus preussi,cercopithecidae,cercopithecus,preussi,0,0,,0,0,0,,mono_stable,additional,Allochrocebus preussi
Alouatta belzebul,43441.0,Alouatta belzebul,154,263,exact,3.18,,2436655.0,108.0,44.0,179.0,125.0,262.0,306.0,442.0,567.0,Atelidae,Alouatta belzebul,cebidae,alouatta,belzebul,0,0,,0,0,0,,mono_stable,additional,Alouatta belzebul
Alouatta guariba,74053.0,Alouatta guariba,1077,1732,exact,8.69,,7262055.0,690.0,22.0,1860.0,42.0,1767.0,1789.0,3592.0,3634.0,Atelidae,Alouatta guariba,cebidae,alouatta,guariba,0,0,,0,0,0,,mono_stable,additional,Alouatta guariba
Alouatta palliata,43436.0,Alouatta palliata,10560,16526,estimate,3.69,,2436649.0,7102.0,519.0,14524.0,1152.0,17662.0,18181.0,31050.0,32202.0,Atelidae,Alouatta palliata,cebidae,alouatta,palliata,0,0,,0,0,0,,mono_stable,additional,Alouatta palliata
Alouatta pigra,43439.0,Alouatta pigra,2779,3655,exact,15.62,,2436653.0,1953.0,65.0,3945.0,205.0,4732.0,4797.0,7600.0,7805.0,Atelidae,Alouatta pigra,cebidae,alouatta,pigra,0,0,,0,0,0,,mono_stable,additional,Alouatta pigra
Alouatta sara,43438.0,Alouatta sara,230,370,exact,3.54,,2436651.0,130.0,0.0,242.0,0.0,360.0,360.0,612.0,612.0,Atelidae,Alouatta sara,cebidae,alouatta,sara,0,0,,0,0,0,,mono_stable,additional,Alouatta sara
Alouatta seniculus,566513.0,Alouatta seniculus,1924,2659,exact,12.66,,2436648.0,1224.0,198.0,2454.0,390.0,3148.0,3346.0,5113.0,5503.0,Atelidae,Alouatta seniculus,cebidae,alouatta,seniculus,0,0,,0,0,0,,mono_stable,additional,Alouatta seniculus
Aotus nigriceps,43414.0,Aotus nigriceps,95,151,exact,1.64,,5219595.0,57.0,30.0,94.0,58.0,152.0,182.0,245.0,303.0,Aotidae,Aotus nigriceps,cebidae,aotus,nigriceps,0,0,,0,0,0,,mono_stable,additional,Aotus nigriceps
Aotus trivirgatus,43413.0,Aotus trivirgatus,2,2,exact,0.37,,5219590.0,1.0,257.0,1.0,550.0,3.0,260.0,3.0,553.0,Aotidae,Aotus trivirgatus,cebidae,aotus,trivirgatus,0,0,,0,0,0,,mono_stable,additional,Aotus trivirgatus
Arctocebus aureus,43625.0,Arctocebus aureus,3,8,exact,3.25,,2436631.0,3.0,2.0,8.0,13.0,6.0,8.0,16.0,29.0,Lorisidae,Arctocebus aureus,loridae,arctocebus,aureus,0,0,,0,0,0,,mono_stable,additional,Arctocebus aureus
Arctocebus calabarensis,43624.0,Arctocebus calabarensis,1,1,exact,1.65,,2436632.0,1.0,11.0,1.0,38.0,2.0,13.0,2.0,40.0,Lorisidae,Arctocebus calabarensis,loridae,arctocebus,calabarensis,0,0,,0,0,0,,mono_stable,additional,Arctocebus calabarensis
Ateles belzebuth,43406.0,Ateles belzebuth,176,330,exact,3.65,,2436642.0,113.0,46.0,210.0,88.0,289.0,335.0,540.0,628.0,Atelidae,Ateles belzebuth,cebidae,ateles,belzebuth,0,0,,0,0,0,,mono_stable,additional,Ateles belzebuth
Ateles chamek,43410.0,Ateles chamek,412,707,exact,4.14,,2436646.0,212.0,10.0,363.0,20.0,624.0,634.0,1070.0,1090.0,Atelidae,Ateles chamek,cebidae,ateles,chamek,0,0,,0,0,0,,mono_stable,additional,Ateles chamek
Ateles fusciceps,43409.0,Ateles fusciceps,133,218,exact,2.88,,2436641.0,72.0,62.0,125.0,186.0,205.0,267.0,343.0,529.0,Atelidae,Ateles fusciceps,cebidae,ateles,fusciceps,0,0,,0,0,0,,mono_stable,additional,Ateles fusciceps
Ateles geoffroyi,43411.0,Ateles geoffroyi,7107,13539,estimate,3.98,,2436643.0,4737.0,249.0,9450.0,593.0,11844.0,12093.0,22989.0,23582.0,Atelidae,Ateles geoffroyi,cebidae,ateles,geoffroyi,0,0,,0,0,0,partial,mono_stable,additional,Ateles geoffroyi
Ateles marginatus,43407.0,Ateles marginatus,176,351,exact,4.65,,2436644.0,102.0,8.0,173.0,13.0,278.0,286.0,524.0,537.0,Atelidae,Ateles marginatus,cebidae,ateles,marginatus,0,0,,0,0,0,,mono_stable,additional,Ateles marginatus
Ateles paniscus,43408.0,Ateles paniscus,151,257,exact,2.42,,2436645.0,105.0,30.0,194.0,113.0,256.0,286.0,451.0,564.0,Atelidae,Ateles paniscus,cebidae,ateles,paniscus,0,0,,0,0,0,,mono_stable,additional,Ateles paniscus
Avahi laniger,43606.0,Avahi laniger,156,216,exact,2.55,,2436426.0,99.0,15.0,144.0,32.0,255.0,270.0,360.0,392.0,Indriidae,Avahi laniger,indridae,avahi,laniger,0,0,,0,0,0,,mono_stable,additional,Avahi laniger
Brachyteles arachnoides,43404.0,Brachyteles arachnoides,191,343,exact,4.52,,2436666.0,52.0,9.0,133.0,25.0,243.0,252.0,476.0,501.0,Atelidae,Brachyteles arachnoides,cebidae,brachyteles,arachnoides,0,0,,0,0,0,,mono_stable,additional,Brachyteles arachnoides
Cacajao calvus,43654.0,Cacajao calvus,32,40,exact,1.33,,2436410.0,16.0,23.0,18.0,46.0,48.0,71.0,58.0,104.0,Pitheciidae,Cacajao calvus,cebidae,cacajao,calvus,0,0,,0,0,0,,mono_stable,additional,Cacajao calvus
Cacajao melanocephalus,43653.0,Cacajao melanocephalus,13,25,exact,0.83,,2436409.0,10.0,20.0,18.0,65.0,23.0,43.0,43.0,108.0,Pitheciidae,Cacajao melanocephalus,cebidae,cacajao,melanocephalus,0,0,,0,0,0,,mono_stable,additional,Cacajao melanocephalus
Callicebus caligatus,738186.0,Plecturocebus caligatus,32,54,exact,3.8,,2436384.0,0.0,0.0,0.0,0.0,32.0,32.0,54.0,54.0,Pitheciidae,Callicebus caligatus,cebidae,callicebus,caligatus,0,0,,0,0,0,,mono_stable,additional,Plecturocebus caligatus
Callicebus cinerascens,738190.0,Plecturocebus cinerascens,19,32,exact,0.95,,2436390.0,0.0,0.0,0.0,0.0,19.0,19.0,32.0,32.0,Pitheciidae,Callicebus cinerascens,cebidae,callicebus,cinerascens,0,0,,0,0,0,,mono_stable,additional,Plecturocebus cinerascens
Plecturocebus cupreus,738185.0,Plecturocebus cupreus,49,79,exact,1.32,,,,,,,49.0,49.0,79.0,79.0,Pitheciidae,Callicebus cupreus,cebidae,callicebus,cupreus,0,0,,0,0,0,,mono_stable,additional,Plecturocebus cupreus
Callicebus donacophilus,738182.0,Plecturocebus donacophilus,81,162,exact,4.74,,2436399.0,0.0,5.0,0.0,6.0,81.0,86.0,162.0,168.0,Pitheciidae,Callicebus donacophilus,cebidae,callicebus,donacophilus,0,0,,0,0,0,partial,mono_stable,additional,Plecturocebus donacophilus
Callicebus hoffmannsi,738192.0,Plecturocebus hoffmannsi,7,7,exact,0.7,,2436382.0,0.0,5.0,0.0,14.0,7.0,12.0,7.0,21.0,Pitheciidae,Callicebus hoffmannsi,cebidae,callicebus,hoffmannsi,0,0,,0,0,0,,mono_stable,additional,Plecturocebus hoffmannsi
Callicebus moloch,738189.0,Plecturocebus moloch,109,188,exact,2.23,,2436388.0,0.0,61.0,0.0,129.0,109.0,170.0,188.0,317.0,Pitheciidae,Callicebus moloch,cebidae,callicebus,moloch,0,0,,0,0,0,,mono_stable,additional,Plecturocebus moloch
Callicebus personatus,43683.0,Callicebus personatus,144,287,exact,5.01,,2436398.0,93.0,5.0,200.0,13.0,237.0,242.0,487.0,500.0,Pitheciidae,Callicebus personatus,cebidae,callicebus,personatus,0,0,,0,0,0,,mono_stable,additional,Callicebus personatus
Callicebus torquatus,738195.0,Cheracebus torquatus,2,3,exact,0.35,,2436394.0,0.0,33.0,0.0,108.0,2.0,35.0,3.0,111.0,Pitheciidae,Callicebus torquatus,cebidae,callicebus,torquatus,0,0,,0,0,0,,mono_stable,additional,Cheracebus torquatus
Callimico goeldii,43398.0,Callimico goeldii,14,23,exact,0.54,,2436464.0,9.0,28.0,14.0,56.0,23.0,51.0,37.0,93.0,Callitrichidae,Callimico goeldii,callitrichidae,callimico,goeldii,0,0,,0,0,0,,mono_stable,additional,Callimico goeldii
Callithrix aurita,43375.0,Callithrix aurita,285,397,exact,8.69,,8827576.0,184.0,3.0,396.0,4.0,469.0,472.0,793.0,797.0,Callitrichidae,Callithrix aurita,callitrichidae,callithrix,aurita,0,0,,0,0,0,,mono_stable,additional,Callithrix aurita
Callithrix flaviceps,43378.0,Callithrix flaviceps,59,96,exact,1.38,,5219543.0,42.0,1.0,75.0,1.0,101.0,102.0,171.0,172.0,Callitrichidae,Callithrix flaviceps,callitrichidae,callithrix,flaviceps,0,0,,0,0,0,,mono_stable,additional,Callithrix flaviceps
Callithrix geoffroyi,43372.0,Callithrix geoffroyi,680,1093,exact,6.6,,5219539.0,387.0,11.0,671.0,23.0,1067.0,1078.0,1764.0,1787.0,Callitrichidae,Callithrix geoffroyi,callitrichidae,callithrix,geoffroyi,0,0,,0,0,0,,mono_stable,additional,Callithrix geoffroyi
Callithrix jacchus,43373.0,Callithrix jacchus,3064,4880,exact,21.29,,5219542.0,1869.0,111.0,4065.0,261.0,4933.0,5044.0,8945.0,9206.0,Callitrichidae,Callithrix jacchus,callitrichidae,callithrix,jacchus,0,0,,0,0,0,,mono_stable,additional,Callithrix jacchus
Callithrix kuhlii,43377.0,Callithrix kuhlii,175,392,exact,3.1,,5219538.0,133.0,0.0,332.0,0.0,308.0,308.0,724.0,724.0,Callitrichidae,Callithrix kuhlii,callitrichidae,callithrix,kuhlii,0,0,,0,0,0,,mono_stable,additional,Callithrix kuhlii
Callithrix penicillata,43374.0,Callithrix penicillata,3393,5305,exact,17.47,,5219541.0,2500.0,38.0,5275.0,74.0,5893.0,5931.0,10580.0,10654.0,Callitrichidae,Callithrix penicillata,callitrichidae,callithrix,penicillata,0,0,,0,0,0,,mono_stable,additional,Callithrix penicillata
Cebus albifrons,43433.0,Cebus albifrons,12,13,exact,0.87,,2436636.0,14.0,101.0,20.0,208.0,26.0,127.0,33.0,241.0,Cebidae,Cebus albifrons,cebidae,cebus,albifrons,0,0,,0,0,0,,mono_stable,additional,Cebus albifrons
Cebus capucinus,43432.0,Cebus capucinus,280,330,exact,4.15,,2436637.0,354.0,245.0,559.0,524.0,634.0,879.0,889.0,1413.0,Cebidae,Cebus capucinus,cebidae,cebus,capucinus,0,0,,0,0,0,,mono_stable,additional,Cebus capucinus
Cebus olivaceus,43430.0,Cebus olivaceus,85,136,exact,3.03,,2436638.0,70.0,103.0,130.0,207.0,155.0,258.0,266.0,473.0,Cebidae,Cebus olivaceus,cebidae,cebus,olivaceus,0,0,,0,0,0,,mono_stable,additional,Cebus olivaceus
Cercocebus agilis,43466.0,Cercocebus agilis,94,145,exact,1.4,,2436546.0,50.0,4.0,77.0,6.0,144.0,148.0,222.0,228.0,Cercopithecidae,Cercocebus agilis,cercopithecidae,cercocebus,agilis,0,0,,0,0,0,,mono_stable,additional,Cercocebus agilis
Cercocebus atys,566523.0,Cercocebus atys,21,44,exact,1.18,,7262035.0,18.0,26.0,38.0,48.0,39.0,65.0,82.0,130.0,Cercopithecidae,Cercocebus atys,cercopithecidae,cercocebus,atys,0,0,,0,0,0,,mono_stable,additional,Cercocebus atys
Cercocebus galeritus,43468.0,Cercocebus galeritus,23,86,exact,3.02,,2436545.0,18.0,2.0,57.0,7.0,41.0,43.0,143.0,150.0,Cercopithecidae,Cercocebus galeritus,cercopithecidae,cercocebus,galeritus,0,0,,0,0,0,,mono_stable,additional,Cercocebus galeritus
Cercocebus torquatus,43467.0,Cercocebus torquatus,40,49,exact,1.8,,2436544.0,36.0,62.0,43.0,137.0,76.0,138.0,92.0,229.0,Cercopithecidae,Cercocebus torquatus,cercopithecidae,cercocebus,torquatus,0,0,,0,0,0,,mono_stable,additional,Cercocebus torquatus
Cercopithecus ascanius,43480.0,Cercopithecus ascanius,536,644,exact,6.46,,5219569.0,433.0,47.0,684.0,103.0,969.0,1016.0,1328.0,1431.0,Cercopithecidae,Cercopithecus ascanius,cercopithecidae,cercopithecus,ascanius,0,0,,0,0,0,,mono_stable,additional,Cercopithecus ascanius
Cercopithecus campbelli,566529.0,Cercopithecus campbelli,45,61,exact,1.18,,5219582.0,44.0,10.0,66.0,19.0,89.0,99.0,127.0,146.0,Cercopithecidae,Cercopithecus campbelli,cercopithecidae,cercopithecus,campbelli,0,0,,0,0,0,,mono_stable,additional,Cercopithecus campbelli
Cercopithecus cephus,43477.0,Cercopithecus cephus,152,251,exact,3.12,,5219570.0,117.0,75.0,163.0,223.0,269.0,344.0,414.0,637.0,Cercopithecidae,Cercopithecus cephus,cercopithecidae,cercopithecus,cephus,0,0,,0,0,0,,mono_stable,additional,Cercopithecus cephus
Cercopithecus diana,566530.0,Cercopithecus diana,19,21,exact,1.41,,5219576.0,17.0,22.0,19.0,38.0,36.0,58.0,40.0,78.0,Cercopithecidae,Cercopithecus diana,cercopithecidae,cercopithecus,diana,0,0,,0,0,0,,mono_stable,additional,Cercopithecus diana
Cercopithecus dryas,1368467.0,Chlorocebus dryas,3,3,exact,0.88,,5219583.0,0.0,1.0,0.0,2.0,3.0,4.0,3.0,5.0,Cercopithecidae,Cercopithecus dryas,cercopithecidae,cercopithecus,dryas,0,0,,0,0,0,,mono_stable,additional,Chlorocebus dryas
Cercopithecus erythrogaster,43476.0,Cercopithecus erythrogaster,40,57,exact,3.84,,5219571.0,21.0,21.0,28.0,22.0,61.0,82.0,85.0,107.0,Cercopithecidae,Cercopithecus erythrogaster,cercopithecidae,cercopithecus,erythrogaster,0,0,,0,0,0,,mono_stable,additional,Cercopithecus erythrogaster
Cercopithecus erythrotis,43484.0,Cercopithecus erythrotis,16,18,exact,0.88,,5219577.0,14.0,13.0,16.0,13.0,30.0,43.0,34.0,47.0,Cercopithecidae,Cercopithecus erythrotis,cercopithecidae,cercopithecus,erythrotis,0,0,,0,0,0,,mono_stable,additional,Cercopithecus erythrotis
Cercopithecus lhoesti,566540.0,Allochrocebus lhoesti,344,575,exact,4.55,,5219572.0,10.0,3.0,18.0,4.0,354.0,357.0,593.0,597.0,Cercopithecidae,Cercopithecus lhoesti,cercopithecidae,cercopithecus,lhoesti,0,0,,0,0,0,,mono_stable,additional,Allochrocebus lhoesti
Cercopithecus mitis,43486.0,Cercopithecus mitis,3133,3933,exact,19.23,,5219578.0,2437.0,188.0,4326.0,496.0,5570.0,5758.0,8259.0,8755.0,Cercopithecidae,Cercopithecus mitis,cercopithecidae,cercopithecus,mitis,0,0,,0,0,0,,mono_stable,additional,Cercopithecus mitis
Cercopithecus mona,43474.0,Cercopithecus mona,210,367,exact,4.75,,5219566.0,134.0,160.0,264.0,320.0,344.0,504.0,631.0,951.0,Cercopithecidae,Cercopithecus mona,cercopithecidae,cercopithecus,mona,0,0,,0,0,0,,mono_stable,additional,Cercopithecus mona
Cercopithecus neglectus,43473.0,Cercopithecus neglectus,108,187,exact,2.38,,5219567.0,93.0,36.0,171.0,91.0,201.0,237.0,358.0,449.0,Cercopithecidae,Cercopithecus neglectus,cercopithecidae,cercopithecus,neglectus,0,0,,0,0,0,,mono_stable,additional,Cercopithecus neglectus
Cercopithecus nictitans,43485.0,Cercopithecus nictitans,160,244,exact,2.7,,5219573.0,141.0,125.0,201.0,290.0,301.0,426.0,445.0,735.0,Cercopithecidae,Cercopithecus nictitans,cercopithecidae,cercopithecus,nictitans,0,0,,0,0,0,,mono_stable,additional,Cercopithecus nictitans
Cercopithecus petaurista,43488.0,Cercopithecus petaurista,72,156,exact,1.6,,5219579.0,56.0,46.0,134.0,93.0,128.0,174.0,290.0,383.0,Cercopithecidae,Cercopithecus petaurista,cercopithecidae,cercopithecus,petaurista,0,0,,0,0,0,,mono_stable,additional,Cercopithecus petaurista
Cercopithecus pogonias,883395.0,Cercopithecus pogonias,59,80,exact,2.03,,5219574.0,47.0,31.0,66.0,53.0,106.0,137.0,146.0,199.0,Cercopithecidae,Cercopithecus pogonias,cercopithecidae,cercopithecus,pogonias,0,0,,0,0,0,,mono_stable,additional,Cercopithecus pogonias
Cercopithecus sclateri,43481.0,Cercopithecus sclateri,0,0,exact,0.12,,5219581.0,0.0,31.0,0.0,31.0,0.0,31.0,0.0,31.0,Cercopithecidae,Cercopithecus sclateri,cercopithecidae,cercopithecus,sclateri,0,0,,0,0,0,,mono_stable,additional,Cercopithecus sclateri
Cercopithecus solatus,566543.0,Allochrocebus solatus,12,15,exact,1.91,,5219575.0,0.0,2.0,0.0,2.0,12.0,14.0,15.0,17.0,Cercopithecidae,Cercopithecus solatus,cercopithecidae,cercopithecus,solatus,0,0,,0,0,0,,mono_stable,additional,Allochrocebus solatus
Cheirogaleus major,566539.0,Cheirogaleus major,16,27,exact,2.12,,2436452.0,16.0,12.0,28.0,67.0,32.0,44.0,55.0,122.0,Cheirogaleidae,Cheirogaleus major,cheirogaleidae,cheirogaleus,major,0,0,,0,0,0,,mono_stable,additional,Cheirogaleus major
Cheirogaleus medius,43550.0,Cheirogaleus medius,45,58,exact,1.83,,2436451.0,29.0,7.0,41.0,8.0,74.0,81.0,99.0,107.0,Cheirogaleidae,Cheirogaleus medius,cheirogaleidae,cheirogaleus,medius,0,0,,0,0,0,,mono_stable,additional,Cheirogaleus medius
Chiropotes albinasus,43651.0,Chiropotes albinasus,88,136,exact,2.4,,5219526.0,42.0,12.0,50.0,24.0,130.0,142.0,186.0,210.0,Pitheciidae,Chiropotes albinasus,cebidae,chiropotes,albinasus,0,0,,0,0,0,,mono_stable,additional,Chiropotes albinasus
Chiropotes chiropotes,74186.0,Chiropotes chiropotes,9,16,exact,1.08,,5707307.0,10.0,44.0,20.0,123.0,19.0,63.0,36.0,159.0,Pitheciidae,Chiropotes chiropotes,cebidae,chiropotes,chiropotes,0,0,,0,0,0,,mono_stable,additional,Chiropotes chiropotes
Chiropotes satanas,43650.0,Chiropotes satanas,10,10,exact,1.97,,5219527.0,10.0,4.0,10.0,10.0,20.0,24.0,20.0,30.0,Pitheciidae,Chiropotes satanas,cebidae,chiropotes,satanas,0,0,,0,0,0,,mono_stable,additional,Chiropotes satanas
Colobus satanas,43528.0,Colobus satanas,23,26,exact,2.89,,5963046.0,32.0,13.0,33.0,19.0,55.0,68.0,59.0,78.0,Cercopithecidae,Colobus satanas,cercopithecidae,colobus,satanas,0,0,,0,0,0,,mono_stable,additional,Colobus satanas
Daubentonia madagascariensis,43558.0,Daubentonia madagascariensis,64,148,exact,2.68,,5219587.0,47.0,14.0,122.0,36.0,111.0,125.0,270.0,306.0,Daubentoniidae,Daubentonia madagascariensis,daubentoniidae,daubentonia,madagascariensis,0,0,,0,0,0,,mono_stable,additional,Daubentonia madagascariensis
Eulemur coronatus,43610.0,Eulemur coronatus,157,253,exact,3.75,,2436422.0,105.0,5.0,192.0,5.0,262.0,267.0,445.0,450.0,Lemuridae,Eulemur coronatus,lemuridae,eulemur,coronatus,0,0,,0,0,0,,early_dimorphism,focal,Eulemur coronatus
Eulemur fulvus,43613.0,Eulemur fulvus,547,737,exact,4.72,,9092265.0,405.0,87.0,794.0,204.0,952.0,1039.0,1531.0,1735.0,Lemuridae,Eulemur fulvus,lemuridae,eulemur,fulvus,0,0,,0,0,0,,early_dimorphism,focal,Eulemur fulvus
Eulemur rubriventer,43612.0,Eulemur rubriventer,228,368,exact,3.03,,2436421.0,159.0,23.0,327.0,63.0,387.0,410.0,695.0,758.0,Lemuridae,Eulemur rubriventer,lemuridae,eulemur,rubriventer,0,0,,0,0,0,,early_dimorphism,focal,Eulemur rubriventer
Euoticus elegantulus,43573.0,Euoticus elegantulus,16,28,exact,0.63,,2436514.0,11.0,20.0,22.0,33.0,27.0,47.0,50.0,83.0,Galagidae,Euoticus elegantulus,galagonidae,euoticus,elegantulus,0,0,,0,0,0,,mono_stable,additional,Euoticus elegantulus
Euoticus pallidus,43574.0,Euoticus pallidus,0,0,exact,0.09,,2436513.0,1.0,1.0,1.0,1.0,1.0,2.0,1.0,2.0,Galagidae,Euoticus pallidus,galagonidae,euoticus,pallidus,0,0,,0,0,0,,mono_stable,additional,Euoticus pallidus
Galago gallarum,43564.0,Galago gallarum,34,59,exact,2.75,,2436521.0,27.0,0.0,49.0,0.0,61.0,61.0,108.0,108.0,Galagidae,Galago gallarum,galagonidae,galago,gallarum,0,0,,0,0,0,,mono_stable,additional,Galago gallarum
Galago matschiei,43563.0,Galago matschiei,11,17,exact,2.15,,2436519.0,8.0,1.0,12.0,6.0,19.0,20.0,29.0,35.0,Galagidae,Galago matschiei,galagonidae,galago,matschiei,0,0,,0,0,0,,mono_stable,additional,Galago matschiei
Galago moholi,43561.0,Galago moholi,315,535,exact,4.08,,2436522.0,224.0,90.0,393.0,214.0,539.0,629.0,928.0,1142.0,Galagidae,Galago moholi,galagonidae,galago,moholi,0,0,,0,0,0,,mono_stable,additional,Galago moholi
Galago senegalensis,43565.0,Galago senegalensis,146,262,exact,3.02,,9198359.0,111.0,365.0,194.0,756.0,257.0,622.0,456.0,1212.0,Galagidae,Galago senegalensis,galagonidae,galago,senegalensis,0,0,,0,0,0,,mono_stable,additional,Galago senegalensis
Galagoides demidoff,566537.0,Galagoides demidoff,17,32,exact,0.83,,2436517.0,12.0,122.0,24.0,240.0,29.0,151.0,56.0,296.0,Galagidae,Galagoides demidoff,galagonidae,galagoides,demidoff,0,0,,0,0,0,,mono_stable,additional,Galagoides demidoff
Galagoides thomasi,74349.0,Galagoides thomasi,11,30,exact,1.68,,4827709.0,7.0,0.0,19.0,0.0,18.0,18.0,49.0,49.0,Galagidae,Galagoides thomasi,galagonidae,galagoides,thomasi,0,0,,0,0,0,,mono_stable,additional,Galagoides thomasi
Galagoides zanzibaricus,1103823.0,Paragalago zanzibaricus,16,28,exact,4.23,,2436516.0,0.0,13.0,0.0,35.0,16.0,29.0,28.0,63.0,Galagidae,Galagoides zanzibaricus,galagonidae,galagoides,zanzibaricus,0,0,,0,0,0,,mono_stable,additional,Paragalago zanzibaricus
Gorilla beringei,68790.0,Gorilla beringei,968,1768,exact,10.4,,7262070.0,698.0,58.0,1738.0,165.0,1666.0,1724.0,3506.0,3671.0,Hominidae,Gorilla beringei,hominidae,gorilla,beringei,0,0,,0,0,0,,mono_stable,additional,Gorilla beringei
Gorilla gorilla,43580.0,Gorilla gorilla,291,528,exact,5.89,,2436441.0,212.0,216.0,477.0,1037.0,503.0,719.0,1005.0,2042.0,Hominidae,Gorilla gorilla,hominidae,gorilla,gorilla,0,0,,0,0,0,,mono_stable,additional,Gorilla gorilla
Hapalemur aureus,43621.0,Hapalemur aureus,215,410,exact,3.88,,2436415.0,149.0,0.0,326.0,0.0,364.0,364.0,736.0,736.0,Lemuridae,Hapalemur aureus,lemuridae,hapalemur,aureus,0,0,,0,0,0,,mono_stable,additional,Hapalemur aureus
Hapalemur griseus,43620.0,Hapalemur griseus,275,394,exact,3.08,,2436414.0,192.0,32.0,354.0,54.0,467.0,499.0,748.0,802.0,Lemuridae,Hapalemur griseus,lemuridae,hapalemur,griseus,0,0,,0,0,0,,mono_stable,additional,Hapalemur griseus
Hylobates agilis,43588.0,Hylobates agilis,93,148,exact,2.71,,5219550.0,55.0,36.0,79.0,121.0,148.0,184.0,227.0,348.0,Hylobatidae,Hylobates agilis,hylobatidae,hylobates,agilis,0,0,,0,0,0,,mono_stable,additional,Hylobates agilis
Hylobates klossii,43589.0,Hylobates klossii,1,1,exact,1.51,,5219546.0,1.0,21.0,1.0,89.0,2.0,23.0,2.0,91.0,Hylobatidae,Hylobates klossii,hylobatidae,hylobates,klossii,0,0,,0,0,0,,mono_stable,additional,Hylobates klossii
Hylobates lar,43593.0,Hylobates lar,972,1493,exact,8.87,,5219553.0,686.0,167.0,1489.0,935.0,1658.0,1825.0,2982.0,3917.0,Hylobatidae,Hylobates lar,hylobatidae,hylobates,lar,0,0,,0,0,0,,mono_stable,additional,Hylobates lar
Hylobates moloch,43592.0,Hylobates moloch,133,202,exact,3.06,,5219552.0,82.0,9.0,129.0,19.0,215.0,224.0,331.0,350.0,Hylobatidae,Hylobates moloch,hylobatidae,hylobates,moloch,0,0,,0,0,0,,mono_stable,additional,Hylobates moloch
Lagothrix flavicauda,738169.0,Lagothrix flavicauda,16,45,exact,0.92,,2436657.0,8.0,0.0,11.0,0.0,24.0,24.0,56.0,56.0,Atelidae,Lagothrix flavicauda,cebidae,oreonax,flavicauda,0,0,,0,0,0,,mono_stable,additional,Lagothrix flavicauda
Lagothrix lagothricha,1369209.0,Lagothrix lagothricha,1046,1691,exact,7.6,,5786085.0,648.0,98.0,1218.0,201.0,1694.0,1792.0,2909.0,3110.0,Atelidae,Lagothrix lagothricha,cebidae,lagothrix,lagotricha,0,0,,0,0,0,,mono_stable,additional,Lagothrix lagothricha
Lemur catta,43617.0,Lemur catta,869,1023,exact,8.82,,2436412.0,483.0,55.0,1224.0,122.0,1352.0,1407.0,2247.0,2369.0,Lemuridae,Lemur catta,lemuridae,lemur,catta,0,0,,0,0,0,,mono_stable,additional,Lemur catta
Leontocebus fuscicollis,43389.0,Saguinus fuscicollis,25,37,exact,1.56,,8493215.0,25.0,40.0,40.0,76.0,50.0,90.0,77.0,153.0,Callitrichidae,Leontocebus fuscicollis,callitrichidae,leontocebus,fuscicollis,0,0,,0,0,0,,mono_stable,additional,Saguinus fuscicollis
Leontocebus nigricollis,43386.0,Saguinus nigricollis,607,1239,exact,5.11,,8628111.0,416.0,87.0,836.0,169.0,1023.0,1110.0,2075.0,2244.0,Callitrichidae,Leontocebus nigricollis,callitrichidae,leontocebus,nigricollis,0,0,,0,0,0,,mono_stable,additional,Saguinus nigricollis
Leontocebus tripartitus,43381.0,Saguinus tripartitus,145,314,exact,2.76,,9512820.0,99.0,3.0,208.0,10.0,244.0,247.0,522.0,532.0,Callitrichidae,Leontocebus tripartitus,callitrichidae,leontocebus,tripartitus,0,0,,0,0,0,,mono_stable,additional,Saguinus tripartitus
Leontopithecus caissara,43393.0,Leontopithecus caissara,6,18,exact,0.51,,2436479.0,4.0,0.0,11.0,0.0,10.0,10.0,29.0,29.0,Callitrichidae,Leontopithecus caissara,callitrichidae,leontopithecus,caissara,0,0,,0,0,0,,mono_stable,additional,Leontopithecus caissara
Leontopithecus chrysomelas,43394.0,Leontopithecus chrysomelas,36,88,exact,2.71,,2436481.0,20.0,49.0,45.0,105.0,56.0,105.0,133.0,238.0,Callitrichidae,Leontopithecus chrysomelas,callitrichidae,leontopithecus,chrysomelas,0,0,,0,0,0,,mono_stable,additional,Leontopithecus chrysomelas
Leontopithecus chrysopygus,43395.0,Leontopithecus chrysopygus,85,156,exact,3.54,,2436480.0,37.0,2.0,60.0,4.0,122.0,124.0,216.0,220.0,Callitrichidae,Leontopithecus chrysopygus,callitrichidae,leontopithecus,chrysopygus,0,0,,0,0,0,,mono_stable,additional,Leontopithecus chrysopygus
Leontopithecus rosalia,43396.0,Leontopithecus rosalia,117,259,exact,3.13,,2436482.0,68.0,218.0,167.0,490.0,185.0,403.0,426.0,916.0,Callitrichidae,Leontopithecus rosalia,callitrichidae,leontopithecus,rosalia,0,0,,0,0,0,,mono_stable,additional,Leontopithecus rosalia
Lepilemur dorsalis,43640.0,Lepilemur dorsalis,0,0,exact,0.19,,2436496.0,0.0,0.0,0.0,0.0,0.0,0.0,0.0,0.0,Lepilemuridae,Lepilemur dorsalis,lepilemuridae,lepilemur,dorsalis,0,0,,0,0,0,,mono_stable,additional,Lepilemur dorsalis
Lepilemur edwardsi,43641.0,Lepilemur edwardsi,63,96,exact,1.61,,2436494.0,36.0,0.0,57.0,0.0,99.0,99.0,153.0,153.0,Lepilemuridae,Lepilemur edwardsi,lepilemuridae,lepilemur,edwardsi,0,0,,0,0,0,,mono_stable,additional,Lepilemur edwardsi
Lepilemur leucopus,43636.0,Lepilemur leucopus,93,135,exact,2.44,,2436491.0,48.0,1.0,77.0,1.0,141.0,142.0,212.0,213.0,Lepilemuridae,Lepilemur leucopus,lepilemuridae,lepilemur,leucopus,0,0,,0,0,0,,mono_stable,additional,Lepilemur leucopus
Lepilemur microdon,43638.0,Lepilemur microdon,16,20,exact,1.38,,2436495.0,13.0,9.0,16.0,9.0,29.0,38.0,36.0,45.0,Lepilemuridae,Lepilemur microdon,lepilemuridae,lepilemur,microdon,0,0,,0,0,0,,mono_stable,additional,Lepilemur microdon
Lepilemur mustelinus,43639.0,Lepilemur mustelinus,19,25,exact,1.63,,2436493.0,17.0,5.0,24.0,6.0,36.0,41.0,49.0,55.0,Lepilemuridae,Lepilemur mustelinus,lepilemuridae,lepilemur,mustelinus,0,0,,0,0,0,,mono_stable,additional,Lepilemur mustelinus
Lepilemur ruficaudatus,43637.0,Lepilemur ruficaudatus,66,89,exact,3.18,,2436490.0,44.0,3.0,58.0,24.0,110.0,113.0,147.0,171.0,Lepilemuridae,Lepilemur ruficaudatus,lepilemuridae,lepilemur,ruficaudatus,0,0,,0,0,0,,mono_stable,additional,Lepilemur ruficaudatus
Lepilemur septentrionalis,43635.0,Lepilemur septentrionalis,3,3,exact,0.53,,2436492.0,4.0,0.0,4.0,0.0,7.0,7.0,7.0,7.0,Lepilemuridae,Lepilemur septentrionalis,lepilemuridae,lepilemur,septentrionalis,0,0,,0,0,0,,mono_stable,additional,Lepilemur septentrionalis
Lophocebus albigena,43540.0,Lophocebus albigena,71,114,exact,3.13,,2436589.0,197.0,40.0,307.0,97.0,268.0,308.0,421.0,518.0,Cercopithecidae,Lophocebus albigena,cercopithecidae,lophocebus,albigena,0,0,,0,0,0,,mono_stable,additional,Lophocebus albigena
Lophocebus aterrimus,74512.0,Lophocebus aterrimus,18,30,exact,1.88,,4267096.0,15.0,4.0,26.0,7.0,33.0,37.0,56.0,63.0,Cercopithecidae,Lophocebus aterrimus,cercopithecidae,lophocebus,aterrimus,0,0,,0,0,0,,mono_stable,additional,Lophocebus aterrimus
Loris tardigradus,43632.0,Loris tardigradus,11,12,exact,0.75,,2436626.0,7.0,94.0,8.0,95.0,18.0,112.0,20.0,115.0,Lorisidae,Loris tardigradus,loridae,loris,tardigradus,0,0,,0,0,0,,mono_stable,additional,Loris tardigradus
Macaca assamensis,43454.0,Macaca assamensis,330,562,exact,7.2,,2436610.0,256.0,5.0,404.0,9.0,586.0,591.0,966.0,975.0,Cercopithecidae,Macaca assamensis,cercopithecidae,macaca,assamensis,0,0,,0,0,0,,mono_stable,additional,Macaca assamensis
Macaca cyclopis,43450.0,Macaca cyclopis,4515,6253,estimate,3.62,,2436615.0,2537.0,57.0,4934.0,140.0,7052.0,7109.0,11187.0,11327.0,Cercopithecidae,Macaca cyclopis,cercopithecidae,macaca,cyclopis,0,0,,0,0,0,,mono_stable,additional,Macaca cyclopis
Macaca fascicularis,43459.0,Macaca fascicularis,14868,23714,estimate,5.6,,2436603.0,9695.0,795.0,17936.0,1765.0,24563.0,25358.0,41650.0,43415.0,Cercopithecidae,Macaca fascicularis,cercopithecidae,macaca,fascicularis,0,0,,0,0,0,,mono_stable,additional,Macaca fascicularis
Macaca fuscata,43458.0,Macaca fuscata,1668,2506,exact,9.63,,2436608.0,1217.0,30.0,2903.0,105.0,2885.0,2915.0,5409.0,5514.0,Cercopithecidae,Macaca fuscata,cercopithecidae,macaca,fuscata,0,0,,0,0,0,,mono_stable,additional,Macaca fuscata
Macaca hecki,74531.0,Macaca hecki,29,47,exact,1.41,,4267156.0,18.0,24.0,30.0,48.0,47.0,71.0,77.0,125.0,Cercopithecidae,Macaca hecki,cercopithecidae,macaca,hecki,0,0,,0,0,0,,mono_stable,additional,Macaca hecki
Macaca maura,43449.0,Macaca maura,105,163,exact,1.97,,2436606.0,54.0,36.0,87.0,66.0,159.0,195.0,250.0,316.0,Cercopithecidae,Macaca maura,cercopithecidae,macaca,maura,0,0,,0,0,0,,mono_stable,additional,Macaca maura
Macaca mulatta,43460.0,Macaca mulatta,5942,9210,estimate,3.59,,2436604.0,3989.0,477.0,8217.0,968.0,9931.0,10408.0,17427.0,18395.0,Cercopithecidae,Macaca mulatta,cercopithecidae,macaca,mulatta,0,0,,0,0,0,,mono_stable,additional,Macaca mulatta
Macaca nemestrina,43455.0,Macaca nemestrina,1548,2073,exact,9.53,,2436611.0,1052.0,124.0,1936.0,367.0,2600.0,2724.0,4009.0,4376.0,Cercopithecidae,Macaca nemestrina,cercopithecidae,macaca,nemestrina,0,0,,0,0,0,,mono_stable,additional,Macaca nemestrina
Macaca nigra,43457.0,Macaca nigra,343,690,exact,4.66,,2436616.0,223.0,85.0,463.0,176.0,566.0,651.0,1153.0,1329.0,Cercopithecidae,Macaca nigra,cercopithecidae,macaca,nigra,0,0,,0,0,0,,mono_stable,additional,Macaca nigra
Macaca nigrescens,74533.0,Macaca nigrescens,20,33,exact,0.83,,4267157.0,10.0,2.0,22.0,4.0,30.0,32.0,55.0,59.0,Cercopithecidae,Macaca nigrescens,cercopithecidae,macaca,nigrescens,0,0,,0,0,0,,mono_stable,additional,Macaca nigrescens
Macaca ochreata,43447.0,Macaca ochreata,13,18,exact,0.73,,2436607.0,15.0,9.0,20.0,18.0,28.0,37.0,38.0,56.0,Cercopithecidae,Macaca ochreata,cercopithecidae,macaca,ochreata,0,0,,0,0,0,,mono_stable,additional,Macaca ochreata
Macaca radiata,43448.0,Macaca radiata,2970,3394,exact,18.67,,2436612.0,2039.0,12.0,3507.0,21.0,5009.0,5021.0,6901.0,6922.0,Cercopithecidae,Macaca radiata,cercopithecidae,macaca,radiata,0,0,,0,0,0,,mono_stable,additional,Macaca radiata
Macaca silenus,43446.0,Macaca silenus,301,536,exact,4.5,,2436617.0,265.0,19.0,509.0,36.0,566.0,585.0,1045.0,1081.0,Cercopithecidae,Macaca silenus,cercopithecidae,macaca,silenus,0,0,,0,0,0,,mono_stable,additional,Macaca silenus
Macaca sinica,43456.0,Macaca sinica,1663,2253,exact,12.05,,2436613.0,1214.0,36.0,2677.0,67.0,2877.0,2913.0,4930.0,4997.0,Cercopithecidae,Macaca sinica,cercopithecidae,macaca,sinica,0,0,,0,0,0,,mono_stable,additional,Macaca sinica
Macaca sylvanus,43452.0,Macaca sylvanus,2121,2482,exact,25.42,,2436618.0,1825.0,49.0,3221.0,109.0,3946.0,3995.0,5703.0,5812.0,Cercopithecidae,Macaca sylvanus,cercopithecidae,macaca,sylvanus,0,0,,0,0,0,,mono_stable,additional,Macaca sylvanus
Macaca thibetana,43451.0,Macaca thibetana,256,396,exact,4.02,,2436609.0,171.0,17.0,346.0,48.0,427.0,444.0,742.0,790.0,Cercopithecidae,Macaca thibetana,cercopithecidae,macaca,thibetana,0,0,,0,0,0,,mono_stable,additional,Macaca thibetana
Macaca tonkeana,43453.0,Macaca tonkeana,41,60,exact,0.98,,2436614.0,29.0,18.0,43.0,35.0,70.0,88.0,103.0,138.0,Cercopithecidae,Macaca tonkeana,cercopithecidae,macaca,tonkeana,0,0,,0,0,0,,mono_stable,additional,Macaca tonkeana
Mandrillus leucophaeus,43532.0,Mandrillus leucophaeus,13,18,exact,0.96,,5219557.0,13.0,18.0,18.0,38.0,26.0,44.0,36.0,74.0,Cercopithecidae,Mandrillus leucophaeus,cercopithecidae,mandrillus,leucophaeus,0,0,,0,0,0,,mono_stable,additional,Mandrillus leucophaeus
Mandrillus sphinx,43533.0,Mandrillus sphinx,96,156,exact,6.52,,5219556.0,107.0,39.0,163.0,71.0,203.0,242.0,319.0,390.0,Cercopithecidae,Mandrillus sphinx,cercopithecidae,mandrillus,sphinx,0,0,,0,0,0,,mono_stable,additional,Mandrillus sphinx
Mico argentatus,64523.0,Mico argentatus,63,140,exact,2.32,,5786456.0,30.0,57.0,85.0,126.0,93.0,150.0,225.0,351.0,Callitrichidae,Mico argentatus,callitrichidae,mico,argentata,0,0,,0,0,0,,mono_stable,additional,Mico argentatus
Mico humeralifer,74576.0,Mico humeralifer,20,42,exact,0.66,,5786463.0,13.0,16.0,38.0,45.0,33.0,49.0,80.0,125.0,Callitrichidae,Mico humeralifer,callitrichidae,mico,humeralifer,0,0,,0,0,0,,mono_stable,additional,Mico humeralifer
Mico mauesi,74579.0,Mico mauesi,0,0,exact,0.09,,5786464.0,0.0,0.0,0.0,0.0,0.0,0.0,0.0,0.0,Callitrichidae,Mico mauesi,callitrichidae,mico,mauesi,0,0,,0,0,0,,mono_stable,additional,Mico mauesi
Mico nigriceps,64524.0,Mico nigriceps,3,8,exact,3.19,,5786461.0,1.0,0.0,1.0,0.0,4.0,4.0,9.0,9.0,Callitrichidae,Mico nigriceps,callitrichidae,mico,nigriceps,0,0,,0,0,0,,mono_stable,additional,Mico nigriceps
Microcebus murinus,43546.0,Microcebus murinus,109,183,exact,3.58,,2436447.0,81.0,27.0,139.0,74.0,190.0,217.0,322.0,396.0,Cheirogaleidae,Microcebus murinus,cheirogaleidae,microcebus,murinus,0,0,,0,0,0,,mono_stable,additional,Microcebus murinus
Microcebus myoxinus,74592.0,Microcebus myoxinus,4,11,exact,0.52,,4266979.0,5.0,0.0,13.0,0.0,9.0,9.0,24.0,24.0,Cheirogaleidae,Microcebus myoxinus,cheirogaleidae,microcebus,myoxinus,0,0,,0,0,0,,mono_stable,additional,Microcebus myoxinus
Microcebus rufus,43548.0,Microcebus rufus,148,247,exact,2.75,,2436448.0,112.0,7.0,185.0,42.0,260.0,267.0,432.0,474.0,Cheirogaleidae,Microcebus rufus,cheirogaleidae,microcebus,rufus,0,0,,0,0,0,,mono_stable,additional,Microcebus rufus
Miopithecus talapoin,43543.0,Miopithecus talapoin,7,9,exact,2.08,,2436591.0,1.0,34.0,3.0,66.0,8.0,42.0,12.0,78.0,Cercopithecidae,Miopithecus talapoin,cercopithecidae,miopithecus,talapoin,0,0,,0,0,0,,mono_stable,additional,Miopithecus talapoin
Mirza coquereli,74635.0,Mirza coquereli,5,9,exact,0.52,,4266974.0,1.0,7.0,1.0,14.0,6.0,13.0,10.0,24.0,Cheirogaleidae,Mirza coquereli,cheirogaleidae,mizra,coquereli,0,0,,0,0,0,,mono_stable,additional,Mirza coquereli
Nasalis larvatus,43538.0,Nasalis larvatus,2121,2916,exact,18.49,,2436525.0,1352.0,85.0,2650.0,260.0,3473.0,3558.0,5566.0,5826.0,Cercopithecidae,Nasalis larvatus,cercopithecidae,nasalis,larvatus,0,0,,0,0,0,,mono_stable,additional,Nasalis larvatus
Nycticebus coucang,43627.0,Nycticebus coucang,214,356,exact,3.83,,2436629.0,111.0,80.0,198.0,139.0,325.0,405.0,554.0,693.0,Lorisidae,Nycticebus coucang,loridae,nycticebus,coucang,0,0,,0,0,0,,mono_stable,additional,Nycticebus coucang
Nycticebus pygmaeus,1398534.0,Xanthonycticebus pygmaeus,27,55,exact,1.01,,2436628.0,0.0,4.0,0.0,9.0,27.0,31.0,55.0,64.0,Lorisidae,Nycticebus pygmaeus,loridae,nycticebus,pygmaeus,0,0,,0,0,0,,mono_stable,additional,Xanthonycticebus pygmaeus
Otolemur crassicaudatus,43567.0,Otolemur crassicaudatus,400,691,exact,5.3,,8978926.0,298.0,147.0,504.0,379.0,698.0,845.0,1195.0,1574.0,Galagidae,Otolemur crassicaudatus,galagonidae,otolemur,crassicaudatus,0,0,,0,0,0,,mono_stable,additional,Otolemur crassicaudatus
Otolemur garnettii,43568.0,Otolemur garnettii,229,333,exact,4.49,,2436511.0,167.0,83.0,281.0,161.0,396.0,479.0,614.0,775.0,Galagidae,Otolemur garnettii,galagonidae,otolemur,garnettii,0,0,,0,0,0,,mono_stable,additional,Otolemur garnettii
Pan paniscus,43578.0,Pan paniscus,10,15,exact,1.05,,5219533.0,7.0,8.0,10.0,58.0,17.0,25.0,25.0,83.0,Hominidae,Pan paniscus,hominidae,pan,paniscus,0,0,,0,0,0,,mono_stable,additional,Pan paniscus
Pan troglodytes,43577.0,Pan troglodytes,1018,1701,exact,28.91,,5219534.0,803.0,196.0,1425.0,745.0,1821.0,2017.0,3126.0,3871.0,Hominidae,Pan troglodytes,hominidae,pan,troglodytes,0,0,,0,0,0,,mono_stable,additional,Pan troglodytes
Papio cynocephalus,67683.0,Papio cynocephalus,1120,1306,exact,6.89,,7262027.0,879.0,44.0,1613.0,105.0,1999.0,2043.0,2919.0,3024.0,Cercopithecidae,Papio cynocephalus,cercopithecidae,papio,cynocephalus,0,0,,0,0,0,,mono_stable,additional,Papio cynocephalus
Perodicticus potto,549032.0,Perodicticus potto,34,51,exact,1.07,,2436624.0,24.0,133.0,36.0,247.0,58.0,191.0,87.0,334.0,Lorisidae,Perodicticus potto,loridae,perodicticus,potto,0,0,,0,0,0,,mono_stable,additional,Perodicticus potto
Phaner furcifer,43555.0,Phaner furcifer,0,0,exact,0.1,,2436443.0,0.0,3.0,0.0,3.0,0.0,3.0,0.0,3.0,Cheirogaleidae,Phaner furcifer,cheirogaleidae,phaner,furcifer,0,0,,0,0,0,,mono_stable,additional,Phaner furcifer
Pithecia aequatorialis,43646.0,Pithecia aequatorialis,7,9,exact,0.4,,2436371.0,6.0,0.0,8.0,0.0,13.0,13.0,17.0,17.0,Pitheciidae,Pithecia aequatorialis,cebidae,pithecia,aequatorialis,0,0,,0,0,0,,mono_stable,additional,Pithecia aequatorialis
Pithecia albicans,43644.0,Pithecia albicans,0,0,exact,0.1,,2436374.0,0.0,0.0,0.0,0.0,0.0,0.0,0.0,0.0,Pitheciidae,Pithecia albicans,cebidae,pithecia,albicans,0,0,,0,0,0,,mono_stable,additional,Pithecia albicans
Pithecia irrorata,855277.0,Pithecia irrorata,78,137,exact,6.03,,2436372.0,38.0,0.0,53.0,0.0,116.0,116.0,190.0,190.0,Pitheciidae,Pithecia irrorata,cebidae,pithecia,irrorata,0,0,,0,0,0,,mono_stable,additional,Pithecia irrorata
Pithecia monachus,852369.0,Pithecia monachus,33,64,exact,1.19,,2436375.0,23.0,46.0,46.0,103.0,56.0,102.0,110.0,213.0,Pitheciidae,Pithecia monachus,cebidae,pithecia,monachus,0,0,,0,0,0,,mono_stable,additional,Pithecia monachus
Plecturocebus brunneus,926855.0,Plecturocebus brunneus,28,65,exact,0.89,,9410326.0,16.0,0.0,24.0,0.0,44.0,44.0,89.0,89.0,Pitheciidae,Plecturocebus brunneus,cebidae,callicebus,brunneus,0,0,,0,0,0,,mono_stable,additional,Plecturocebus brunneus
Callicebus dubius,,,0,0,no_inat_entry,,Species not in iNaturalist,2436403.0,0.0,1.0,0.0,0.0,0.0,1.0,0.0,0.0,Pitheciidae,Plecturocebus dubius,cebidae,callicebus,dubius,0,0,,0,0,0,,mono_stable,additional,Callicebus dubius
Pongo abelii,569678.0,Pongo abelii,585,1100,exact,5.43,,5707420.0,427.0,39.0,1042.0,108.0,1012.0,1051.0,2142.0,2250.0,Hominidae,Pongo abelii,pongidae,pongo,abelii,0,0,,0,0,0,,mono_stable,additional,Pongo abelii
Pongo pygmaeus,43582.0,Pongo pygmaeus,1671,2427,exact,14.77,,5219532.0,1163.0,196.0,2407.0,566.0,2834.0,3030.0,4834.0,5400.0,Hominidae,Pongo pygmaeus,pongidae,pongo,pygmaeus,0,0,,0,0,0,,mono_stable,additional,Pongo pygmaeus
Presbytis comata,43507.0,Presbytis comata,105,167,exact,2.53,,5219565.0,59.0,7.0,94.0,23.0,164.0,171.0,261.0,284.0,Cercopithecidae,Presbytis comata,cercopithecidae,presbytis,comata,0,0,,0,0,0,,mono_stable,additional,Presbytis comata
Presbytis femoralis,43506.0,Presbytis femoralis,262,385,exact,3.42,,5219562.0,151.0,14.0,317.0,42.0,413.0,427.0,702.0,744.0,Cercopithecidae,Presbytis femoralis,cercopithecidae,presbytis,femoralis,0,0,,0,0,0,,mono_stable,additional,Presbytis femoralis
Procolobus badius,1368499.0,Piliocolobus badius,217,337,exact,4.01,,2436600.0,0.0,7.0,0.0,7.0,217.0,224.0,337.0,344.0,Cercopithecidae,Piliocolobus badius,cercopithecidae,procolobus_(piliocolobus),badius,0,0,,0,0,0,,mono_stable,additional,Piliocolobus badius
Procolobus pennantii,502987.0,Piliocolobus pennantii,3,5,exact,0.42,,2436598.0,0.0,0.0,0.0,0.0,3.0,3.0,5.0,5.0,Cercopithecidae,Piliocolobus pennantii,cercopithecidae,procolobus_(piliocolobus),pennantii,0,0,,0,0,0,,mono_stable,additional,Piliocolobus pennantii
Procolobus preussi,502507.0,Piliocolobus preussi,1,1,exact,1.15,,2436601.0,0.0,1.0,0.0,1.0,1.0,2.0,1.0,2.0,Cercopithecidae,Piliocolobus preussi,cercopithecidae,procolobus_(piliocolobus),preussi,0,0,,0,0,0,,mono_stable,additional,Piliocolobus preussi
Procolobus rufomitratus,520070.0,Piliocolobus rufomitratus,20,75,exact,4.08,,2436599.0,0.0,0.0,0.0,0.0,20.0,20.0,75.0,75.0,Cercopithecidae,Piliocolobus rufomitratus,cercopithecidae,procolobus_(piliocolobus),rufomitratus,0,0,,0,0,0,,mono_stable,additional,Piliocolobus rufomitratus
Procolobus verus,43512.0,Procolobus verus,13,14,exact,0.68,,2436597.0,12.0,20.0,21.0,39.0,25.0,45.0,35.0,74.0,Cercopithecidae,Piliocolobus verus,cercopithecidae,procolobus_(piliocolobus),verus,0,0,,0,0,0,,mono_stable,additional,Procolobus verus
Prolemur simus,74956.0,Prolemur simus,173,377,exact,3.2,,4266938.0,118.0,1.0,269.0,1.0,291.0,292.0,646.0,647.0,Lemuridae,Prolemur simus,lemuridae,prolemur,simus,0,0,,0,0,0,,mono_stable,additional,Prolemur simus
Propithecus diadema,43604.0,Propithecus diadema,466,792,exact,5.65,,5219529.0,317.0,22.0,688.0,61.0,783.0,805.0,1480.0,1541.0,Indriidae,Propithecus diadema,indridae,propithecus,diadema,0,0,,0,0,0,,mono_stable,additional,Propithecus diadema
Propithecus tattersalli,43602.0,Propithecus tattersalli,65,97,exact,1.0,,5219528.0,15.0,0.0,36.0,0.0,80.0,80.0,133.0,133.0,Indriidae,Propithecus tattersalli,indridae,propithecus,tattersalli,0,0,,0,0,0,,mono_stable,additional,Propithecus tattersalli
Propithecus verreauxi,43603.0,Propithecus verreauxi,728,1178,exact,7.16,,5219530.0,384.0,13.0,862.0,17.0,1112.0,1125.0,2040.0,2057.0,Indriidae,Propithecus verreauxi,indridae,propithecus,verreauxi,0,0,,0,0,0,,mono_stable,additional,Propithecus verreauxi
Pygathrix cinerea,74991.0,Pygathrix cinerea,8,8,exact,0.65,,4267165.0,8.0,0.0,9.0,0.0,16.0,16.0,17.0,17.0,Cercopithecidae,Pygathrix cinerea,cercopithecidae,pygathrix,cinerea,0,0,,0,0,0,,mono_stable,additional,Pygathrix cinerea
Pygathrix nemaeus,43517.0,Pygathrix nemaeus,255,313,exact,4.86,,2436529.0,186.0,29.0,314.0,90.0,441.0,470.0,627.0,717.0,Cercopithecidae,Pygathrix nemaeus,cercopithecidae,pygathrix,nemaeus,0,0,,0,0,0,,mono_stable,additional,Pygathrix nemaeus
Pygathrix nigripes,74992.0,Pygathrix nigripes,245,298,exact,4.18,,4267166.0,123.0,14.0,195.0,32.0,368.0,382.0,493.0,525.0,Cercopithecidae,Pygathrix nigripes,cercopithecidae,pygathrix,nigripes,0,0,,0,0,0,,mono_stable,additional,Pygathrix nigripes
Rhinopithecus avunculus,75025.0,Rhinopithecus avunculus,3,5,exact,0.64,,4267009.0,2.0,1.0,4.0,5.0,5.0,6.0,9.0,14.0,Cercopithecidae,Rhinopithecus avunculus,cercopithecidae,rhinopithecus,avunculus,0,0,,0,0,0,,mono_stable,additional,Rhinopithecus avunculus
Rhinopithecus bieti,75026.0,Rhinopithecus bieti,62,105,exact,2.11,,4267007.0,47.0,6.0,63.0,40.0,109.0,115.0,168.0,208.0,Cercopithecidae,Rhinopithecus bieti,cercopithecidae,rhinopithecus,bieti,0,0,,0,0,0,,mono_stable,additional,Rhinopithecus bieti
Rhinopithecus brelichi,75027.0,Rhinopithecus brelichi,1,1,exact,2.49,,4267005.0,1.0,0.0,1.0,0.0,2.0,2.0,2.0,2.0,Cercopithecidae,Rhinopithecus brelichi,cercopithecidae,rhinopithecus,brelichi,0,0,,0,0,0,,mono_stable,additional,Rhinopithecus brelichi
Saguinus bicolor,43383.0,Saguinus bicolor,125,216,exact,2.83,,2436470.0,88.0,2.0,151.0,6.0,213.0,215.0,367.0,373.0,Callitrichidae,Saguinus bicolor,callitrichidae,saguinus,bicolor,0,0,,0,0,0,,mono_stable,additional,Saguinus bicolor
Saguinus geoffroyi,43384.0,Saguinus geoffroyi,1275,1703,exact,9.92,,2436466.0,890.0,216.0,1584.0,484.0,2165.0,2381.0,3287.0,3771.0,Callitrichidae,Saguinus geoffroyi,callitrichidae,saguinus,geoffroyi,0,0,,0,0,0,,mono_stable,additional,Saguinus geoffroyi
Saguinus imperator,43390.0,Saguinus imperator,217,372,exact,4.95,,2436471.0,112.0,51.0,198.0,100.0,329.0,380.0,570.0,670.0,Callitrichidae,Saguinus imperator,callitrichidae,saguinus,imperator,0,0,,0,0,0,,mono_stable,additional,Saguinus imperator
Saguinus inustus,43382.0,Saguinus inustus,29,38,exact,1.41,,2436475.0,20.0,0.0,29.0,0.0,49.0,49.0,67.0,67.0,Callitrichidae,Saguinus inustus,callitrichidae,saguinus,inustus,0,0,,0,0,0,,mono_stable,additional,Saguinus inustus
Saguinus labiatus,43388.0,Saguinus labiatus,36,66,exact,1.1,,9178968.0,17.0,42.0,24.0,90.0,53.0,95.0,90.0,180.0,Callitrichidae,Saguinus labiatus,callitrichidae,saguinus,labiatus,0,0,,0,0,0,,mono_stable,additional,Saguinus labiatus
Saguinus leucopus,43385.0,Saguinus leucopus,448,755,exact,7.05,,2436476.0,242.0,33.0,421.0,112.0,690.0,723.0,1176.0,1288.0,Callitrichidae,Saguinus leucopus,callitrichidae,saguinus,leucopus,0,0,,0,0,0,,mono_stable,additional,Saguinus leucopus
Saguinus midas,43387.0,Saguinus midas,215,342,exact,3.29,,2436468.0,186.0,58.0,301.0,126.0,401.0,459.0,643.0,769.0,Callitrichidae,Saguinus midas,callitrichidae,saguinus,midas,0,0,,0,0,0,,mono_stable,additional,Saguinus midas
Saguinus mystax,43380.0,Saguinus mystax,36,52,exact,1.04,,2436472.0,28.0,66.0,44.0,132.0,64.0,130.0,96.0,228.0,Callitrichidae,Saguinus mystax,callitrichidae,saguinus,mystax,0,0,,0,0,0,,mono_stable,additional,Saguinus mystax
Saguinus oedipus,43391.0,Saguinus oedipus,593,843,exact,5.98,,2436469.0,386.0,329.0,847.0,668.0,979.0,1308.0,1690.0,2358.0,Callitrichidae,Saguinus oedipus,callitrichidae,saguinus,oedipus,0,0,,0,0,0,,mono_stable,additional,Saguinus oedipus
Saimiri boliviensis,43426.0,Saimiri boliviensis,846,1196,exact,5.15,,2436663.0,554.0,24.0,1166.0,44.0,1400.0,1424.0,2362.0,2406.0,Cebidae,Saimiri boliviensis,cebidae,saimiri,boliviensis,0,0,,0,0,0,,mono_stable,additional,Saimiri boliviensis
Saimiri oerstedii,43425.0,Saimiri oerstedii,2234,3010,exact,11.18,,2436664.0,1425.0,38.0,2572.0,92.0,3659.0,3697.0,5582.0,5674.0,Cebidae,Saimiri oerstedii,cebidae,saimiri,oerstedii,0,0,,0,0,0,,mono_stable,additional,Saimiri oerstedii
Saimiri sciureus,43428.0,Saimiri sciureus,448,680,exact,5.26,,2436661.0,428.0,691.0,740.0,1361.0,876.0,1567.0,1420.0,2781.0,Cebidae,Saimiri sciureus,cebidae,saimiri,sciureus,0,0,,0,0,0,,mono_stable,additional,Saimiri sciureus
Saimiri ustus,43427.0,Saimiri ustus,140,243,exact,2.96,,8885431.0,78.0,4.0,132.0,7.0,218.0,222.0,375.0,382.0,Cebidae,Saimiri ustus,cebidae,saimiri,ustus,0,0,,0,0,0,,mono_stable,additional,Saimiri ustus
Saimiri vanzolinii,43424.0,Saimiri vanzolinii,18,18,exact,1.26,,2436660.0,7.0,0.0,7.0,0.0,25.0,25.0,25.0,25.0,Cebidae,Saimiri vanzolinii,cebidae,saimiri,vanzolinii,0,0,,0,0,0,,mono_stable,additional,Saimiri vanzolinii
Sapajus apella,496700.0,Sapajus apella,1490,1761,exact,9.02,,7477334.0,958.0,311.0,1691.0,690.0,2448.0,2759.0,3452.0,4142.0,Cebidae,Sapajus apella,cebidae,sapajus,apella,0,0,,0,0,0,,mono_stable,additional,Sapajus apella
Sciurocheirus alleni,75065.0,Sciurocheirus alleni,5,6,exact,0.59,,7342635.0,1.0,19.0,1.0,27.0,6.0,25.0,7.0,34.0,Galagidae,Sciurocheirus alleni,galagonidae,sciurocheirus,alleni,0,0,,0,0,0,,mono_stable,additional,Sciurocheirus alleni
Simias concolor,75081.0,Simias concolor,4,5,exact,0.38,,4267130.0,4.0,17.0,5.0,62.0,8.0,25.0,10.0,72.0,Cercopithecidae,Simias concolor,cercopithecidae,simias,concolor,0,0,,0,0,0,,mono_stable,additional,Simias concolor
Symphalangus syndactylus,75115.0,Symphalangus syndactylus,348,634,exact,9.19,,4267277.0,220.0,55.0,384.0,141.0,568.0,623.0,1018.0,1159.0,Hylobatidae,Symphalangus syndactylus,hylobatidae,symphalangus_,syndactylus,0,0,,0,0,0,,mono_stable,additional,Symphalangus syndactylus
Tarsius bancanus,1369285.0,Cephalopachus bancanus,304,589,exact,4.13,,2436487.0,0.0,1.0,0.0,1.0,304.0,305.0,589.0,590.0,Tarsiidae,Tarsius bancanus,tarsiidae,tarsius,bancanus,0,0,,0,0,0,,mono_stable,additional,Cephalopachus bancanus
Tarsius dentatus,75156.0,Tarsius dentatus,9,11,exact,0.57,,4266947.0,9.0,0.0,11.0,0.0,18.0,18.0,22.0,22.0,Tarsiidae,Tarsius dentatus,tarsiidae,tarsius,dentatus,0,0,,0,0,0,,mono_stable,additional,Tarsius dentatus
Tarsius pumilus,43689.0,Tarsius pumilus,1,1,exact,0.89,,2436488.0,0.0,1.0,0.0,11.0,1.0,2.0,1.0,12.0,Tarsiidae,Tarsius pumilus,tarsiidae,tarsius,pumilus,0,0,,0,0,0,,mono_stable,additional,Tarsius pumilus
Tarsius syrichta,1369286.0,Carlito syrichta,268,338,exact,6.65,,2436484.0,3.0,1.0,12.0,1.0,271.0,272.0,350.0,351.0,Tarsiidae,Tarsius syrichta,tarsiidae,tarsius,syrichta,0,0,,0,0,0,,mono_stable,additional,Carlito syrichta
Tarsius tarsier,1064525.0,Tarsius tarsier,3,6,exact,0.54,,4266949.0,2.0,15.0,4.0,47.0,5.0,20.0,10.0,57.0,Tarsiidae,Tarsius tarsier,tarsiidae,tarsius,tarsier,0,0,,0,0,0,,mono_stable,additional,Tarsius tarsier
Trachypithecus delacouri,75185.0,Trachypithecus delacouri,110,178,exact,2.4,,4267062.0,76.0,0.0,123.0,0.0,186.0,186.0,301.0,301.0,Cercopithecidae,Trachypithecus delacouri,cercopithecidae,trachypithecus,delacouri,0,0,,0,0,0,,mono_stable,additional,Trachypithecus delacouri
Trachypithecus vetulus,1369308.0,Semnopithecus vetulus,694,1058,exact,11.21,,2436534.0,12.0,4.0,23.0,22.0,706.0,710.0,1081.0,1103.0,Cercopithecidae,Trachypithecus vetulus,cercopithecidae,trachypithecus,vetulus,0,0,,0,0,0,,mono_stable,additional,Semnopithecus vetulus
Varecia variegata,43615.0,Varecia variegata,337,566,exact,5.13,,2436424.0,240.0,41.0,464.0,73.0,577.0,618.0,1030.0,1103.0,Lemuridae,Varecia variegata,lemuridae,varecia,variegata,0,0,,0,0,0,,mono_stable,additional,Varecia variegata
